,ticker,polarity_score,sentiment_score,text
0,AAPL,0.13636363636363635,0.45454545454545453,$AAPL  new alert at https://t.co/A7qrDarJHY  #stocks #daytrading  #NYSE #NASDAQ #market 617
1,AAPL,0.35,0.575,At least $AAPL and $MSFT have great balance sheets! https://t.co/CMmDYbnevM
2,AAPL,0.5,0.5,"#US100 ALL targets hit ! 750 points profit‚úÖüéØ

Join: https://t.co/A2RSzqsoUt for more #forex updates

#xauusd #eurusd #eurjpy #usdcad #usdjpy #gbpusd #tsla #aapl #spy #amzn #qqq #nasdaq #dji #spx #forexsignals #usoil #crudeoil #usdchf #forextrading https://t.co/eWhL0caW0s"
3,AAPL,-0.4,0.8500000000000001,"1) you are probably spreading yourself too thin and way over diversifying. 

when I was on my grind phase, I would put  $20,000 + a SPRINKLE of margin in one NO brainer. A company that will be here in 20 years. 
Googl, amzn, aapl, JNJ, PG"
4,AAPL,0.0,0.09583333333333333,"@ka1n0s The answer from Goldman on tech: ""Over the last 7 sessions, the S&amp;P 500 Financials GICS sector has shed ~$453 bn of market cap .. so, where did it go?...... adding it up, AAPL, MSFT, GOOG, META, AMZN &amp; NVDA added a combined ~$440 bn of market cap over this same stretch"
5,AAPL,0.0,0.0,"RT @BluthCapital: $NKE grew its holiday Q +14% and beat expectations
 $AAPL shrunk and did not (rev -5.5%)

Yet NKE is up 7% YTD vs 23% AAP‚Ä¶"
6,AAPL,0.375,0.9444444444444444,"RT @Zerosumgame33: $ENVX could be a $100+ stock.

MOU with ""one of the largest consumer electronic co's""

Pretty sure its $AAPL. https://t.‚Ä¶"
7,AAPL,-0.07500000000000001,0.19999999999999998,RT @TopTradingEdge: $SPY EVERYDAY #stockmarkets update  today market closed above 100sma next resistance at 50sma  $401 and support at $395‚Ä¶
8,AAPL,-0.07500000000000001,0.19999999999999998,$SPY EVERYDAY #stockmarkets update  today market closed above 100sma next resistance at 50sma  $401 and support at $395. As This tomorrow  #FOMC can bring some twist in trend setup bull trap.  $spx $qqq $tsla $dwac $frc $aapl $msft https://t.co/UZVZJPzgPB
9,AAPL,0.0,0.0,"RT @Jake__Wujastyk: $AAPL #AAPL Ascending triangle breakout (wick chart, line chart already broke out yesterday). 

ALWAYS keep an eye on t‚Ä¶"
10,AAPL,-0.06666666666666667,0.2523809523809524,"RT @_mm85: My humble prediction: Huawei HarmonyOS will be running 20%-40% of all cars in China within the next decade.

It is simply disrup‚Ä¶"
11,AAPL,0.3,0.32222222222222224,"Apple Seeds Release Candidate Version of macOS Ventura 13.3 to Developers [Update: Public RC Available]
https://t.co/u7KwJZLpv4
More news about $AAPL on #TickerTick https://t.co/m62JCDIsJ3"
12,AAPL,0.24999999999999997,0.45000000000000007,RT @AL416905: Good morning followers. Everything is green except the bankers who are swimming in jellyfish infested waters. $TSLA üëΩü§°ü§°ü§°ü§° NFA‚Ä¶
13,AAPL,0.0,0.06666666666666667,"RT @zerohedge: ""Over the last 7 sessions, the S&amp;P 500 Financials GICS sector has shed ~$453 bn of market cap .. so, where did it go?......‚Ä¶"
14,AAPL,-0.07083333333333333,0.38958333333333334,"Upon first glance, it appears $AAPL just completed an inverse Head and Shoulders pattern (purple neckline). It could be, but, by a few pennies, the neckline has a subtle downward slant, which raises a concern (in my mind) that it's not entirely valid and is a trap. We'll see. https://t.co/sct8QRRrrQ"
15,AAPL,0.25,0.25,$aapl   *Top analyst price target for next week  üìàüìâüöÄ https://t.co/oEOzDKygcY
16,AAPL,0.5,0.8888888888888888,"RT @huguette301: AAPL
going for sure to test 61.8% retracement https://t.co/RvHdIthR31"
17,AAPL,-0.06666666666666667,0.2523809523809524,"RT @_mm85: My humble prediction: Huawei HarmonyOS will be running 20%-40% of all cars in China within the next decade.

It is simply disrup‚Ä¶"
18,AAPL,0.10000000000000002,0.3833333333333333,if $AAPL breaks 160.5 theres a clear speedway no resistance till 164.5-165 https://t.co/FjqES32q54
19,AAPL,0.0,0.0,Google Opens Up Access to Bard AI Chatbot https://t.co/3piXm6tk3u $AAPL https://t.co/j5ezBFX106
20,AAPL,0.04924242424242423,0.42803030303030304,How to install the iOS 16.4 beta to get new emoji and these other new features https://t.co/hfAkcxeRNR $AAPL https://t.co/gfeqnSng4T
21,AAPL,0.0,0.0,$AAPL Break and go https://t.co/TmID5atBgT
22,AAPL,0.0,0.0,"AAPL
quarterly
MA40 mths support https://t.co/rdMnDIgeYI"
23,AAPL,0.7,0.6000000000000001,@ToddGordonTA $AAPL (D) chart looks really good. I like the MACD crossover too.
24,AAPL,-0.06666666666666667,0.2523809523809524,"RT @_mm85: My humble prediction: Huawei HarmonyOS will be running 20%-40% of all cars in China within the next decade.

It is simply disrup‚Ä¶"
25,AAPL,-0.018518518518518528,0.2712962962962963,"@eliant_capital Don‚Äôt forget, $AAPL and $NVDA at the same prices when rates were near zero‚Ä¶‚Ä¶.so does FOMC tomorrow matter? Or does the fact that inflation is trending down matters‚Ä¶."
26,AAPL,0.22857142857142856,0.4785714285714286,"Alerts before spikes and right as big news drops

Free discord chatroom:https://t.co/ZBTRgq0AN6

$ACHV $SONN $ZN $COCP $HBP $KODK $AMZN $AAPL $SPY $PINS $NMTR $FB $USO $MSFT $HTGM $CHGG $BIOC $KSI $BYOC $XSPA $IZEA $NKLA $ZOM $VISL $ADT $VSTM $ATVI $BYND $TSLA $MARK $RIOT $NOK https://t.co/yFJccLJ4IB"
27,AAPL,0.0,0.1,"@frankoz95967943 SVIX is now following AAPL 
AAPL+ TESLA = U.S economy ?"
28,AAPL,0.13636363636363635,0.45454545454545453,$AAPL  new alert at https://t.co/A7qrDarJHY  #stocks #daytrading  #NYSE #NASDAQ #market 615
29,AAPL,0.4,0.8,"Entries &amp; exits! 
Free Chatroom link below 

https://t.co/ZBTRgq0AN6

$XSPA $AYTU $NBRV $BNGO $BKYI $DRIP $TLRY $VISL  $CBL $AIKI $VISL $MRNA $DFFN $MEDH $ADMP $SINT $IDEX $INUV  $INUV $TSLA $SOLO  $BIOC $ABUS $GNUS $ROYT $AIM $AAPL https://t.co/Zj5yviDVbb"
30,AAPL,-0.06666666666666667,0.2523809523809524,"RT @_mm85: My humble prediction: Huawei HarmonyOS will be running 20%-40% of all cars in China within the next decade.

It is simply disrup‚Ä¶"
31,AAPL,0.4,0.8,"We find the 100% runners BEFORE the crowd!
Chatroom:https://t.co/ZBTRgq0AN6

$ACB $NVAX $MRNA $CGC $DKNG $AAL $SAVE $UAL  $GE $BYND $SNAP $SPCE $NFLX $UBER $SHOP $TLRY $AAPL $BA $MSFT $AMZN $TWTR $FB $TSLA $GILD $AMD $GE $W $FREE $SHLL https://t.co/TOQME4MmL5"
32,AAPL,0.5,0.5,"RT @Vinesh00518: Most Profitable trading community 
Join our discord group 
https://t.co/DmyHFfcMZw

$SPY $TSLA $NIO $EYES $QQQ $UVXY $ES‚Ä¶"
33,AAPL,0.0,0.0,"WILL GO BACK OVER $1K SOON 

https://t.co/ZBTRgq0AN6

$AAL $NAKD $DYNT $INO $GNUS $UAVS $JAKK  $SHLO $NIO $HMHC $MDLY $JILL  $GRIL $JAGX $INO  $BYFC $TSLA $SPY $BOXL $AAPL $AYRO $BNGO https://t.co/6SK4V0EeiR"
34,AAPL,0.0,0.0,"Get ahead of the trend here at Xtraders 

https://t.co/ZBTRgq0AN6

Congrats to all who played! 

See you tomorrowüìà

$AMZN $AAPL $BA $BABA $FB $TSLA $MSFT $ROKU"
35,AAPL,0.2,0.30000000000000004,$aapl Real time  Stock analyses ratings and target your prices https://t.co/Mwhx3yYXPI           ‚ö°Ô∏è
36,AAPL,0.17666666666666667,0.32,"$AAPL Weekly perspective, into and above initial breakout zone against downtrend. Can it continue or is another failure in the works. Momentum is working. Manage risk. Thanks @HiddenPivots for the brilliant chart work! $SPY $QQQ #FED #Markets https://t.co/I7htmYe9Lg https://t.co/kw6TTq2oJe"
37,AAPL,0.045370370370370366,0.4350529100529101,"@derecks_trades Going off sentiment, I think its hard to avoid the temptation to buy puts in various places right now. I‚Äôve certainly felt tempted plenty of times these last few days with the crazy strength in QQQ, SPY, AAPL &amp; LEN.

Good TA is definitely worth it.
It‚Äôs all about the timing."
38,AAPL,0.4166666666666667,0.18333333333333335,"Real-time trading alerts from our team of seasoned professionals, best trading room and global trading community. Check out today...https://t.co/ZBTRgq0AN6

$SPY $QQQ $AMZN $NVDA $BA $TSLA $BABA $AMD $AAPL $NFLX $TWTR $AAL $FB $USO $DAL $TWLO $UBER $UGAZ $DIS $ROKU $TVIX $CRON https://t.co/LpUnS9EAeD"
39,AAPL,0.0,0.0,"Guys ! i made 19k after joined this room. 
https://t.co/ZBTRgq0AN6

$SHLO $NIO #stockmarkets $JILL $GRIL $JAGX $INO $BYFC $TSLA $SPY $BOXL $AAPL $AYRO $ACHV $ABUS $TLRY https://t.co/DNTOMy9iW4"
40,AAPL,0.625,0.825,"Amazing! Get Winning alerts 
https://t.co/DmyHFfcMZw

$BYND $USEG $SHOP $DKNG $MU $NOVS $MYOV $APDN $MXC $BZUN $SPY $QQQ $AMZN $NVDA $BA $TSLA $BABA $AMD $AAPL $NFLX $TWTR $AAL $NIO $INO $OXY $CCL $FB $USO $DAL $TWLO $UGAZ $DIS $ROKU $TVIX $CRON $DJIA $SPX $TLRY $SQ $MSFT $GLD https://t.co/8epTC6iva0"
41,AAPL,0.2,0.3,"Join us to learn trading in a very affordable price join here https://t.co/DmyHFfcMZw

$SPY $NDX $IWM $QQQ $BTC $ETH $AAPL $TSLA $AMC $ROKU $AFRM $MRNA $NURO $AMD $NVDA $NFLX $PLTR $UPST $SNAP https://t.co/0igdRbV2RS"
42,AAPL,0.0,0.0,"RT @dividendology: Stocks in my portfolio I want to hold forever:

$V Visa üí≥
$SBUX Starbucks ‚òïÔ∏è 
$AAPL Appleüì±
$O Realty Income üèòÔ∏è
$JPM JP M‚Ä¶"
43,AAPL,0.2,0.3,Update closed almost at top 83% $AAPL https://t.co/xmG6wwNyrc
44,AAPL,0.5,0.35000000000000003,"Best trading community, Get next winning alerts here:https://t.co/ZBTRgq0AN6

$HTBX  $AYTU $AAL $INO $AAPL $SPY $FDX $UVXY $DKNG $BA $TSLA $WMT $FSLY $NFLX $SBUX $IMMU https://t.co/1NWJ9QW5kn"
45,AAPL,0.4,0.65,"‚úÖStocks 
‚úÖOptions 
‚úÖDay trading 

$OXY $CHK $GLD $VAL $OAS $AAPL $SPY $CHAP $DNR $XOM $CDEV $INPX $DDOG $GUSH $RCL

üî¥üî¥ If you want to make real gains and make your own plays join us TODAY https://t.co/DmyHFfcMZw https://t.co/Ixg1YFwT2F"
46,AAPL,0.375,0.5,"‚ÄúMost winning trading community, Get next winning alerts here: https://t.co/DmyHFfcMZw

$SPY $QQQ $AMZN $NVDA $BA $TSLA $BABA $AMD $AAPL $NFLX $TWTR $AAL $NIO $INO $OXY $CCL $FB $USO $DAL $TWLO $UGAZ $DIS $ROKU $TVIX $CRON $DJIA $SPX $TLRY $SQ $MSFT $GLD $BYND $SRNE $SPCE https://t.co/vLqMT2o3NW"
47,AAPL,0.6,1.0,"Options + Stock Alerts
Join Chatroom

https://t.co/DmyHFfcMZw

$APT $JAKK $DYNT $SPV $LMND $GNUS $GRAF $BIOL $NOVN $CHFS $AYRO $SOLO $CEMI $APT $NBY $JAGX $INO  $BYFC $TSLA $SPY $BOXL $AAPL $AYRO $BNGO $DKNG $OCGN https://t.co/eSwMfhJKLW"
48,AAPL,0.2,0.30000000000000004,"$OPTI $JADA $RNWF $NVAX $BA $PBI $KODK $KNDI $SQ $SPY $NFLX $M $DIS $IBIO $HPTY $NIO $NKLA $AAPL
Real discord chatroom for traders :https://t.co/DmyHFfcMZw https://t.co/RCL7SR5TB4"
49,AAPL,0.0,0.0,RT @NEM_360: $spx $qqq $spy $AAPL the leader https://t.co/nwzQ7w4A6m
50,AAPL,0.5,0.5,"Most Profitable trading community 
Join our discord group 
https://t.co/DmyHFfcMZw

$SPY $TSLA $NIO $EYES $QQQ $UVXY $ES  $FB $BA $GME $NVDA $AAPL $SOL  $AMZN $ORCL $PM $PT $S $SQ $MRO $F https://t.co/dgMibVC0f1"
51,AAPL,0.0,0.0,$spx $qqq $spy $AAPL the leader https://t.co/nwzQ7w4A6m https://t.co/sy4x7ezSWx
52,AAPL,0.22857142857142856,0.4785714285714286,"$OPTI $JADA $RNWF $NVAX $BA $PBI $KODK $KNDI $SQ $SPY $NFLX $M $DIS $IBIO $HPTY $NIO $NKLA $AAPL
Alerts before spikes and right as big news drops
Free discord chatroom :https://t.co/ZBTRgq0AN6 https://t.co/emMlRVdfui"
53,AAPL,0.43333333333333335,0.5,"Thanks for the alert &amp; updates
Best analysis so far

https://t.co/DmyHFfcMZw

$HD $TSLA $XLE $SPY $IWM $ES $WPX $BA $SPG $MCD $MFA $HTZ $AAPL $CHWY $QQQ $C $ES $AMC $DIS $ZNGA $ZM $PLNT $MGM $SPY $AMD $AMZN $DI https://t.co/8k05AHbxK5"
54,AAPL,0.6,1.0,"#1 Chatroom interms of 

alert,calls,Analysis

https://t.co/ZBTRgq0AN6   $CGM $APT $JAKK $DYNT $SPV $LMND $GNUS $GRAF $BIOL $NOVN $CHFS $AYRO $SOLO $CEMI $APTY $NBY $CLSN $CHFS $MARK  $JAGX $INO  $BYFC $TSLA  $BOXL $AAPL $AYRO $BNGO https://t.co/GAzv5aRVtA"
55,AAPL,0.6,1.0,"Make your own trading wallet and invest cautiously join here https://t.co/DmyHFfcMZw

$CEMI $SPY $TSLA $SHOP $AMZN $NVDA $ROKU $EBAY $AMD $BB $DAL $DOW $Kodk $AAPL $ESE $SPCE $FCEL $TRIP $BYND https://t.co/1Y2LHkuAJ3"
56,AAPL,0.0,0.25,"Helped me get my account green all time. Thanks https://t.co/ZBTRgq0AN6
‚ù§Ô∏èüëèüìà‚òùÔ∏è
$SPY $ES $ADBE $AMZN $MSFT $AAL $ROKU $BABA $CRM $GOOGL $FB $INTU $MRVL $ATVI $TWTR $ORCL $LRCX $AMD $NVDA $TSLA $NDX $QQQ $AAPL $BA https://t.co/vaCFlaXXON"
57,AAPL,0.0,0.0,"Minimize your investment with us join us https://t.co/DmyHFfcMZw

$DKNG $SPY $QQQ $IWM $SLV $MGM $ROKU $AAPL $AMZN $TSLA $AMD $MU $AMC $GME $DD $NVDA, $FDX, $PEP, $GM, $MDLZ, $LCID, $ADP, $SKX, $SBUX, $CZR, $SABR https://t.co/SpEhHqJ9h9"
58,AAPL,0.06818181818181818,0.75,"RT @MoneylineTrades: We are live trading in MoneyLine for everyone today. We have a massive event coming up Wednesday, and as always, oppor‚Ä¶"
59,AAPL,0.0,0.0,"Couple of stats and quotes for the week ahead.

Join our discord:https://t.co/ZBTRgq0AN6

$ES_F $NQ_F $YM_F $SPY $SPX $QQQ $TLT $FB $AMZN $AAPL $NVDA $NFLX $GOOGL $TSLA $XLK $XLE $XLF https://t.co/CRa6EAkBNW"
60,AAPL,0.0,0.1,"Allow yourself to make some extra penny without any risk with our calls. Join here https://t.co/DmyHFfcMZw

$GME $PLTR $BABA $NIO $BLNK 
$SPY $TSLA $SHOP $NVDA $ROKU $EBAY $AMD $BB $DAL $QQQ $ZNGA $AAPL $ESE $SPCE $FCEL $BYND $MRNA $PENN $GMBL $CRM $BA https://t.co/Et3EBQXI5S"
61,AAPL,0.5,0.8,"STOCK, OPTIONS updates, alerts Free chatroom
Don't forget to take a trial! 
https://t.co/ZBTRgq0AN6

$SPY $BABA $DVAX $ACB  $PENN $NVAX $NIO $AAL $NKLA $MSFT $AAPL $AMZN $TSLA $CCL $BILI $CVNA $DAL $TWTR https://t.co/awEqfJM8Hm"
62,AAPL,0.0,0.3,"Alerts given
Trading Chat on Discord!üëá

https://t.co/DmyHFfcMZw

JOIN for low prices‚úÖ

üí∏
$SPY $QQQ $AMZN $NVDA $BA $TSLA $BABA $AMD $AAPL $NFLX $TWTR $AAL $MSFT $GLD $SRNE $SPCE $XOM $NIO $BYND $AMRN $UBER $BRKB $JWN https://t.co/XdrtwMS1tl"
63,AAPL,0.0,0.0,$AAPL UPDATE ON THE IDEA GOLD üòâ https://t.co/DkJ4DOUo30 https://t.co/r9MfHkavWw
64,AAPL,0.0,0.1,"Hi everyone, Make big profits with us https://t.co/ZBTRgq0AN6

$OMER $MELI $BTC.X $OXY $HCAC $INO $KODK  $SLV $OMER $PENN $SOHU $OSTK $FENC $SPY $QQQ $AMZN $NVDA $BA $TSLA $BABA $AMD $AAPL $NFLX $TWTR $AAL https://t.co/1zyMIWB8T6"
65,AAPL,0.2,0.30000000000000004,"@zerohedge The real problem is not US based - GOOG / AAPL / FB / TWTR  and of course SNAP ?
(no foul play on snap chat obv)"
66,AAPL,0.3541666666666667,0.7611111111111111,"Another successful day trading!üö•‚ò∫Ô∏è @trade_1348 @ShortTheVix1 @ReviewDork 

Only $5 for the first month. Come join us! 
https://t.co/FmftKrKYsP

#StockMarket #Daytrader #stocks #learntotrade $AAPL #investing #printing #BestCommunityEver https://t.co/8xjTnkD2IV"
67,AAPL,0.0,0.0,"Stay updated with us to minimize your risk join here https://t.co/DmyHFfcMZw

$SPX $SPY $ES_F $DJI $QQQ $NDX $FB $AMZN $AAPL $MSFT $NFLX $GOOGL $TSLA https://t.co/2mAJh8tIfp"
68,AAPL,0.5,0.5,"Join the most profitable trading alerts chatroom

https://t.co/ZBTRgq0AN6

$SPX $SPY $AMZN $AAPL $AMD $FB $SHOP $BYND $NVDA $GOOGL $MSFT $TSLA $BA $CMG $INTC $NFLX $JPM $BAC $YM $YM_F $NQ $NQ_F $ES $ES_F $GC $GLD $QQQ $WMT $SQ $TLT $BABA https://t.co/2XLnO2f4pt"
69,AAPL,0.6,1.0,"Over 80k+ people. Join now
Discord groupüëá

https://t.co/ZBTRgq0AN6

$CGM $APT $JAKK $DYNT $SPV $LMND $GNUS $GRAF  $CLSN $CHFS $MARK $SHLO $NIO $DLPN $WKHS $CARV $SPY $SOLO $W $JAGX $INO  $BYFC $TSLA $SPY $BOXL $AAPL $AYRO $BNGO $PHUN https://t.co/XzL09BeU49"
70,AAPL,0.6,1.0,"Enhance your trading experience with us click on the link 
https://t.co/DmyHFfcMZw

$APT $JAKK $DYNT $SPV $LMND $GNUS $GRAF $BIOL $NOVN $CHFS $AYRO $CARV $SPY $SOLO $W $JAGX $INO  $BYFC $TSLA $SPY $BOXL $AAPL $AYRO $BNGO $DKNG $APPL https://t.co/VCJpCcCyyr"
71,AAPL,0.0,0.0,"Alerts üí∞
Update üìàüìâ
Watchlist,üíπüí∏
Discord üëáüëá

https://t.co/DmyHFfcMZw

$WTRH $NAKD $MARK $SHLO $NIO $HMHC $MDLY $JILL  $GRIL $JAGX $INO  $BYFC $TSLA $SPY $BOXL $AAPL $AYRO $ACHV $ABUS $TLRY https://t.co/dTDggjxax1"
72,AAPL,0.2,0.2,"$TWTR $ES $JD $BABA $BIDU $TME 
$SPY $QQQ $DIS $TSLA $SHOP
$AMD $AAPL $SQ $AMZN 
$EA $SEDG $MA $V $KO $PYPL $RCL $GOOG $NKLA $DKNG $HD $ROKU $NFLX $FB  $GLD $VXX $MSFT

Thanks to the discord group for the traders join here https://t.co/ZBTRgq0AN6 https://t.co/wwhG41lRNl"
73,AAPL,0.0,0.05,"$AAPL #AAPL broke out above the IHS neck line. Also playing out AB=CD pattern with point D at $168. After $168 is hit, the stock could pull back to $155. https://t.co/2qt6dTIvCT"
74,AAPL,0.13636363636363635,0.45454545454545453,"RT @smtraderCA: ""The Moment Is Here"" for $SPY $QQQ $IWM #ES_F $AAPL $TSLA
[new video]: https://t.co/me14s93IJR https://t.co/SMu1RaDybT"
75,AAPL,1.0,0.3,"üìåDiscord https://t.co/ZBTRgq0AN6

Best stock traders group out there!
updates + Chatroom +analysis
üìàüìä‚è≥

$BIDU $SAVE $WORK $T $AAPL $C $MSFT $SPY $FB $CHWY $PTON $DIS $F $ADBE $CSCO $JPM $CCL $MGM $IWM $HD $V $TWTR $XLE $XOM $AMD $ZI $Z https://t.co/zRl16QdRkA"
76,AAPL,0.0,0.0,Microsoft's AI-Powered Bing Experience Gains Image Creation Functionality https://t.co/8st8gYSjc5 $AAPL https://t.co/JxdiGh1HAT
77,AAPL,0.25,0.25,"Real-time trading alerts from our team of seasoned professionals Check out today...https://t.co/DmyHFfcMZw

$SPY $QQQ $AMZN $NVDA $BA $TSLA $BABA $AMD $AAPL $NFLX $TWTR $AAL $FB $USO $DAL $TWLO $UBER $UGAZ $DIS $ROKU $TVIX $CRON https://t.co/ZhmIQlznGg"
78,AAPL,0.25,0.5,Why Apple products have much higher resale values than competitors' devices https://t.co/8tBIUQTK8L $AAPL
79,AAPL,0.5429129464285715,0.6339285714285714,"Excited for the start Tomorrow!! So many great setups üìà
üéØLearn how to trade the right way https://t.co/ZBTRgq0AN6

$AMZN $AAPL $BA $BABA $FB $TSLA $MSFT $ROKU https://t.co/pE81voRABx"
80,AAPL,0.0,0.0,Get up to $900 off computers &amp; electronics at B&amp;H Photo this week https://t.co/663A4sCDWq $AAPL https://t.co/gA3H33dlme
81,AAPL,0.0,0.0,"Check out our subscriber alerts in our discord

https://t.co/DmyHFfcMZw

$EDSA $KODK $DOW $GNUS $IDEX $BOXL $BABA $TSLA $TAOP $JFK $CEMI $SPY $SHOP $AMZN $NVDA $ROKU $EBAY $AMD $LAZR $AAPL https://t.co/er8eJGG03C"
82,AAPL,0.4,0.55,"It‚Äôs really amazing Place,
Lot of thanks to this community...üëá 
https://t.co/ZBTRgq0AN6

$TCEHY $RKT $FB $UBER $AYX $DDOG $BABA $BNGO $AAPL $SPAQ $KZIA $GRPN $RLFTF $ZSAN $CNDT $NIO $ADTX $ILMN $UPWK $EHTH $ABUS $DNLI $PLUG $TMUS https://t.co/AKBujS1xHd"
83,AAPL,0.0,0.0,"$SPY what a move! Update video on $SPY &amp; $TRKA, Discord $NFLX Bot Gain access to our Bots Join atüëâhttps://t.co/qZ6UzcfKcS  

$amc $bbig $dwac $sens $DIA $VIX $QQQ $tsla $amc $muln $nio $tblt $apdn $PEGY $beat $shph $AMD $biaf $coin $riot $vvos $avct $aapl
https://t.co/oRIdL4XN0D"
84,AAPL,0.0,1.0,"Only in our Discord!! No body does it like  us join here 
https://t.co/DmyHFfcMZw

$AAPL $AMZN $SPCE $MELI $GOOGL $TWTR $FB $NIO $DOCU $RKT $FUBO $SHOP $WMT $MCD $DIS $MSFT $AMD $TSLA $ZM $SBUX $SNAP $MA $V $BA $CCL $RCL $QS $BKNG $RKT https://t.co/eqCBwgoe8u"
85,AAPL,0.0,0.0,"Learn To Trade While You're Working From Home&gt;https://t.co/ZBTRgq0AN6

$AAPL $AMZN $BTC $ETH $FB $GOOG $MSFT $QQQ $SPY $TSLA $EPR $WYND $LIVN $BBU $SPR $APLE $PK $M $CUK $CAR $CPA $EHTH $SHOO $CORT $EPZM https://t.co/oHlMKJBaXR"
86,AAPL,0.0,0.35714285714285715,$AAPL trading system. Simple Swing: https://t.co/MFbqS3PrP0 $AAPL $SPW $IWM $VIX $VXX $UVXY $TVIX
87,AAPL,0.2,0.25,"$SPY $QQQ $DIS $TSLA $SHOP
$AMD $AAPL $SQ $AMZN 
$EA $SEDG $MA $V $KO $PYPL $RCL $GOOG $NKLA $DKNG $HD $ROKU $NFLX $FB  $GLD $VXX $MSFT

Thanks to the discord group of real traders join here https://t.co/DmyHFfcMZw https://t.co/bpvRPDLNfi"
88,AAPL,0.7,0.9,"We are here to build a fair community join us to be part of it. Click here https://t.co/DmyHFfcMZw

$SPY $NDX $IWM $QQQ $BTC $ETH $AAPL $TSLA $AMC $NAKD $SNAP $FB $AFRM $CRM $ROKU $PLTR $QS https://t.co/4XGi2prbSz"
89,AAPL,0.4,0.8,"Alerts given
Trading Chat on Discord!üëá

https://t.co/ZBTRgq0AN6

JOIN for FREE ‚úÖ

üí∏
$SPY $QQQ $AMZN $NVDA $BA $TSLA $BABA $AMD $AAPL $NFLX $TWTR $AAL $FB $USO $DAL $UBER $UGAZ $DIS $ROKU $CRON $DJIA $SPX $TLRY $SQ $MSFT $GLD $SRNE $SPCE $XOM $NIO $BYND $AMRN $UBER $BRKB $JWN https://t.co/Qjxaukgxgf"
90,AAPL,0.0,0.0,"Alerts
Update 
Watchlist
Discord chatroom
https://t.co/ZBTRgq0AN6

‚ù§Ô∏è
Stocks, Options,Forex

$AAL $NAKD $DYNT $INO $GNUS $UAVS $JAKK  $SHLO $NIO $HMHC $MDLY $JILL  $GRIL $JAGX $INO  $BYFC $TSLA $SPY $BOXL $AAPL $AYRO $ACHV https://t.co/TFKSxhW6rK"
91,AAPL,0.0,0.0,RT @StreetSignsCNBC: The rotation continues on #wallst ahead of the #Fed decision. Volumes dipped but #UST volatility continued. @willkoulo‚Ä¶
92,AAPL,0.0,0.0,RT @StreetSignsCNBC: The rotation continues on #wallst ahead of the #Fed decision. Volumes dipped but #UST volatility continued. @willkoulo‚Ä¶
93,AAPL,0.0,0.0,Apple created inverse head and shoulders during banking crisis. üòÇ $AAPL $spx $spy $qqq $vix https://t.co/Vhu6aVkFLJ
94,AAPL,0.0,0.3,"$PTON
#Winner üí∏üí∞üí∏
https://t.co/DmyHFfcMZw
Today, we had a short entry w/ $PTON. 

$SPY $NDX $IWM $QQQ $BTC $ETH $AAPL $TSLA $AMC $NAKD $SNAP $FB $AFRM $CRM $ROKU $PLTR $QS $UPST $AMZN $AMD https://t.co/a9xI5PNKd3"
95,AAPL,0.0,0.0,"RT @Jake__Wujastyk: $AAPL #AAPL Ascending triangle breakout (wick chart, line chart already broke out yesterday). 

ALWAYS keep an eye on t‚Ä¶"
96,AAPL,0.0,0.0,"$TSLA $TAOP $JFK $CEMI $SPY $QQQ $SHOP $AMZN $NVDA $ROKU $EBAY $AMD $BB $DAL $DOW $KODK $AAPL 
Over 75k+ people. Join now
Discord GROUP https://t.co/ZBTRgq0AN6 https://t.co/ZM94bWwUt1"
97,AAPL,0.0,0.0,"Check out our discord group 
for trading Chatroom/community 
https://t.co/DmyHFfcMZw
‚òùÔ∏è
üìäüìà
$EDSA
$KODK
$DOW
$GNUS
$IDEX
$BSBS
$TSLA
$TAOP
$JFK
$CEMI
$SPY
$SHOP
$SMZN
$NVDA
$ROKU
$EBAY
$AMD
$AAPL https://t.co/RMFZXVk5Tz"
98,AAPL,0.25,0.2833333333333333,"Apple seeds iOS 16.4 RC to developers as it nears public release
https://t.co/ZUPgIQXpWN
More news about $AAPL on #TickerTick https://t.co/m62JCDIsJ3"
99,AAPL,0.0,0.0,"Check out our subscriber alerts in our discord

https://t.co/ZBTRgq0AN6

$EDSA $KODK $DOW $GNUS $IDEX $BOXL $BABA $TSLA $TAOP $JFK $CEMI $SPY $SHOP $AMZN $NVDA $ROKU $EBAY $AMD $LAZR $AAPL https://t.co/aj6XUBt5r7"
100,MSFT,0.5,0.5,RT @bing: Today we announced Bing Image Creator in chat and more. Read all the details here: https://t.co/GWpicVFOl1 https://t.co/vKxiwnTv5R
101,MSFT,0.13636363636363635,0.45454545454545453,RT @Microsoft365: Discover a new way of working with Microsoft 365 Copilot‚Äînext-generation AI capabilities embedded in the Microsoft 365 ap‚Ä¶
102,MSFT,0.0,0.1,RT @TEALSProgram: Use your technical skills and experience to ignite interest in computer science (CS) for all students.‚ÄØThis is a voluntee‚Ä¶
103,MSFT,0.35,0.575,At least $AAPL and $MSFT have great balance sheets! https://t.co/CMmDYbnevM
104,MSFT,0.5,0.5,RT @bing: Today we announced Bing Image Creator in chat and more. Read all the details here: https://t.co/GWpicVFOl1 https://t.co/vKxiwnTv5R
105,MSFT,0.5,0.5,RT @bing: Today we announced Bing Image Creator in chat and more. Read all the details here: https://t.co/GWpicVFOl1 https://t.co/vKxiwnTv5R
106,MSFT,0.4,0.7,setups rarely look better than this - #MSFT chart on @TradingView https://t.co/iRDlMpBDMN
107,MSFT,0.5,0.5,RT @bing: Today we announced Bing Image Creator in chat and more. Read all the details here: https://t.co/GWpicVFOl1 https://t.co/vKxiwnTv5R
108,MSFT,0.45,0.6444444444444444,"RT @XboxSupport: Is that the sound of pressed keys and mouse clicks playing on Xbox? It sure is. 

Here's how to use a mouse and keyboard o‚Ä¶"
109,MSFT,0.5,0.5,RT @bing: Today we announced Bing Image Creator in chat and more. Read all the details here: https://t.co/GWpicVFOl1 https://t.co/vKxiwnTv5R
110,MSFT,0.0,0.09583333333333333,"@ka1n0s The answer from Goldman on tech: ""Over the last 7 sessions, the S&amp;P 500 Financials GICS sector has shed ~$453 bn of market cap .. so, where did it go?...... adding it up, AAPL, MSFT, GOOG, META, AMZN &amp; NVDA added a combined ~$440 bn of market cap over this same stretch"
111,MSFT,0.5,0.5,RT @bing: Today we announced Bing Image Creator in chat and more. Read all the details here: https://t.co/GWpicVFOl1 https://t.co/vKxiwnTv5R
112,MSFT,0.5,0.5,RT @bing: Today we announced Bing Image Creator in chat and more. Read all the details here: https://t.co/GWpicVFOl1 https://t.co/vKxiwnTv5R
113,MSFT,-0.07500000000000001,0.19999999999999998,RT @TopTradingEdge: $SPY EVERYDAY #stockmarkets update  today market closed above 100sma next resistance at 50sma  $401 and support at $395‚Ä¶
114,MSFT,-0.07500000000000001,0.19999999999999998,$SPY EVERYDAY #stockmarkets update  today market closed above 100sma next resistance at 50sma  $401 and support at $395. As This tomorrow  #FOMC can bring some twist in trend setup bull trap.  $spx $qqq $tsla $dwac $frc $aapl $msft https://t.co/UZVZJPzgPB
115,MSFT,0.0,0.06666666666666667,"RT @zerohedge: ""Over the last 7 sessions, the S&amp;P 500 Financials GICS sector has shed ~$453 bn of market cap .. so, where did it go?......‚Ä¶"
116,MSFT,0.0,0.24444444444444446,RT @markminervini: Back when I was first buying $MSFT in 1990 it was a relatively small company. The bear market provided 3 signature oppor‚Ä¶
117,MSFT,0.0,0.0,"$MSFT moving up in a rising wedge formation on daily chart 

$NDX $QQQ $SPY $DJIA $SPX https://t.co/C7nqHelxjP"
118,MSFT,0.5,0.5,RT @bing: Today we announced Bing Image Creator in chat and more. Read all the details here: https://t.co/GWpicVFOl1 https://t.co/vKxiwnTv5R
119,MSFT,0.5,0.5,RT @bing: Today we announced Bing Image Creator in chat and more. Read all the details here: https://t.co/GWpicVFOl1 https://t.co/vKxiwnTv5R
120,MSFT,0.5,0.5,RT @bing: Today we announced Bing Image Creator in chat and more. Read all the details here: https://t.co/GWpicVFOl1 https://t.co/vKxiwnTv5R
121,MSFT,0.21428571428571427,0.6428571428571429,"@BlueMoonTrades My uncle, the loan shark, co-signed on the HELOC. Said to go@ham on 3/24 calls MSFT AMZN and SPX. He‚Äôs smart"
122,MSFT,0.5,1.0,RT @Microsoft365: Say goodbye to writer‚Äôs block. Unleash your creativity by bringing generative AI to your favorite applications: https://t‚Ä¶
123,MSFT,0.2,0.2,RT @Azure: The GPT-4 preview is now available in Azure OpenAI Service. Create solutions that can generate and understand text in multiple l‚Ä¶
124,MSFT,0.5,0.5,RT @bing: Today we announced Bing Image Creator in chat and more. Read all the details here: https://t.co/GWpicVFOl1 https://t.co/vKxiwnTv5R
125,MSFT,-0.016666666666666663,0.5962962962962962,"@BRAP_Podcast Ironic considering MSFT have found themselves in the position of having to spend 80billion dollars because of their over reliance on 3rd party, and the inability to have a functional 1st party pipeline of quality titles..

I'm not sure they think things through before typing."
126,MSFT,0.5,0.5,RT @bing: Today we announced Bing Image Creator in chat and more. Read all the details here: https://t.co/GWpicVFOl1 https://t.co/vKxiwnTv5R
127,MSFT,0.5,0.5,"@Chimperr @AHForeverly @TxTSaint @xMBGx In favor of MSFT? My dude, what I said applies to anyone and everyone in the business. Why do you think Sony has been buying studios? It's easier and more efficient to do so"
128,MSFT,0.0,0.0,Might $MSFT be putting in a bearish wedge? https://t.co/Ua1lNioFwZ
129,MSFT,0.25,0.25,"$msft Top analyst price target for next week,,:  
https://t.co/4pQ6g54Aml"
130,MSFT,0.3196428571428571,0.5660714285714286,"RT @Microsoft: The end of writer's block. Beautiful presentations with a single click. Never missing an important email again.  

Here's wh‚Ä¶"
131,MSFT,0.0,0.32499999999999996,I almost guarantee you that $MSFT is working on some chatGPT extension to Azure behind closed doors to help with the rapid development of software. You better watch your back $AMZN $GOOG
132,MSFT,0.0,0.4166666666666667,"Pamplona (Spanish: [pamÀàplona]; Basque: Iru√±a [i…æu…≤a] or Iru√±ea [i…æu…≤e.a];), historically also known as Pampeluna in English, is the capital city of the Chartered Community of Navarre, in Spain. It is also the third-largest city in the greater Basque
https://t.co/Yl66SWwYGE"
133,MSFT,0.5,0.5,RT @bing: Today we announced Bing Image Creator in chat and more. Read all the details here: https://t.co/GWpicVFOl1 https://t.co/vKxiwnTv5R
134,MSFT,0.5,0.5,RT @bing: Today we announced Bing Image Creator in chat and more. Read all the details here: https://t.co/GWpicVFOl1 https://t.co/vKxiwnTv5R
135,MSFT,0.10000000000000002,0.7999999999999999,"$MSFT I know it sounds crazy, but maybe Gates knows what he‚Äôs talking about‚Ä¶

Bill Gates: OpenAI's GPT is the most important advance in technology since 1980 @CNBC https://t.co/GxjNCvVhxK"
136,MSFT,0.5,0.5,RT @bing: Today we announced Bing Image Creator in chat and more. Read all the details here: https://t.co/GWpicVFOl1 https://t.co/vKxiwnTv5R
137,MSFT,0.5,0.5,RT @bing: Today we announced Bing Image Creator in chat and more. Read all the details here: https://t.co/GWpicVFOl1 https://t.co/vKxiwnTv5R
138,MSFT,0.22857142857142856,0.4785714285714286,"Alerts before spikes and right as big news drops

Free discord chatroom:https://t.co/ZBTRgq0AN6

$ACHV $SONN $ZN $COCP $HBP $KODK $AMZN $AAPL $SPY $PINS $NMTR $FB $USO $MSFT $HTGM $CHGG $BIOC $KSI $BYOC $XSPA $IZEA $NKLA $ZOM $VISL $ADT $VSTM $ATVI $BYND $TSLA $MARK $RIOT $NOK https://t.co/yFJccLJ4IB"
139,MSFT,0.5,0.5,RT @bing: Today we announced Bing Image Creator in chat and more. Read all the details here: https://t.co/GWpicVFOl1 https://t.co/vKxiwnTv5R
140,MSFT,0.5,0.5,RT @bing: Today we announced Bing Image Creator in chat and more. Read all the details here: https://t.co/GWpicVFOl1 https://t.co/vKxiwnTv5R
141,MSFT,0.5,0.5,RT @bing: Today we announced Bing Image Creator in chat and more. Read all the details here: https://t.co/GWpicVFOl1 https://t.co/vKxiwnTv5R
142,MSFT,0.5,0.5,RT @bing: Today we announced Bing Image Creator in chat and more. Read all the details here: https://t.co/GWpicVFOl1 https://t.co/vKxiwnTv5R
143,MSFT,0.2,0.2,RT @Azure: The GPT-4 preview is now available in Azure OpenAI Service. Create solutions that can generate and understand text in multiple l‚Ä¶
144,MSFT,0.2,0.30000000000000004,$msft Real time  Stock analyses ratings and target your prices https://t.co/Mwhx3yYq0a           ‚ö°Ô∏è
145,MSFT,0.2,0.2,RT @Azure: The GPT-4 preview is now available in Azure OpenAI Service. Create solutions that can generate and understand text in multiple l‚Ä¶
146,MSFT,0.4,0.8,"Get alerts and updates and free trading analysis click here 
https://t.co/ZBTRgq0AN6

$CLDR $NOK $ABEV $ZNGA $SAVE $MGM $C $ET $PBR $SNAP $XOM $LUV $MSFT https://t.co/dSAVaXhnxU"
147,MSFT,0.0,1.0,Planning the deployment of #Azure VMware Solution? Follow this documentation to get an overview of key considerations: https://t.co/wzP21mC9oL https://t.co/XA9hqF0DY4
148,MSFT,0.4,0.8,"We find the 100% runners BEFORE the crowd!
Chatroom:https://t.co/ZBTRgq0AN6

$ACB $NVAX $MRNA $CGC $DKNG $AAL $SAVE $UAL  $GE $BYND $SNAP $SPCE $NFLX $UBER $SHOP $TLRY $AAPL $BA $MSFT $AMZN $TWTR $FB $TSLA $GILD $AMD $GE $W $FREE $SHLL https://t.co/TOQME4MmL5"
149,MSFT,0.5,0.5,RT @bing: Today we announced Bing Image Creator in chat and more. Read all the details here: https://t.co/GWpicVFOl1 https://t.co/vKxiwnTv5R
150,MSFT,0.14285714285714285,0.26785714285714285,"Microsoft is smashing out AI integration left, right, and centre into it‚Äôs suite of products

Google: We will let you test a lightweight AI model called Bard with a front end that was designed within an hour in Figma by our intern

ü§¶üèª‚Äç‚ôÇÔ∏è

$MSFT $GOOG #ChatGPT #AI"
151,MSFT,0.0,0.0,"Get ahead of the trend here at Xtraders 

https://t.co/ZBTRgq0AN6

Congrats to all who played! 

See you tomorrowüìà

$AMZN $AAPL $BA $BABA $FB $TSLA $MSFT $ROKU"
152,MSFT,0.0,0.5,"RT @SaitamaUniverse: Further #crypto adoption is ont its way - #Microsoft #MSFT is simplifying the process by integrating it with Edge

#Sa‚Ä¶"
153,MSFT,0.3,0.1,RT @WatcherGuru: JUST IN: Microsoft $MSFT in talks to acquire a 49% stake worth $10 billion in ChatGPT owner OpenAI.
154,MSFT,0.625,0.825,"Amazing! Get Winning alerts 
https://t.co/DmyHFfcMZw

$BYND $USEG $SHOP $DKNG $MU $NOVS $MYOV $APDN $MXC $BZUN $SPY $QQQ $AMZN $NVDA $BA $TSLA $BABA $AMD $AAPL $NFLX $TWTR $AAL $NIO $INO $OXY $CCL $FB $USO $DAL $TWLO $UGAZ $DIS $ROKU $TVIX $CRON $DJIA $SPX $TLRY $SQ $MSFT $GLD https://t.co/8epTC6iva0"
155,MSFT,0.5,0.5,RT @bing: Today we announced Bing Image Creator in chat and more. Read all the details here: https://t.co/GWpicVFOl1 https://t.co/vKxiwnTv5R
156,MSFT,0.25,0.5,"RT @msnuk: French tram drivers will refuse to take King Charles III on a tour through Bordeaux during his state visit, striking workers war‚Ä¶"
157,MSFT,0.03333333333333333,0.10000000000000002,"RT @Microsoft: How much of your day is spent drafting emails, preparing presentations, or staring at a blank page? AI can help lighten the‚Ä¶"
158,MSFT,0.0,0.0,"RT @dividendology: Stocks in my portfolio I want to hold forever:

$V Visa üí≥
$SBUX Starbucks ‚òïÔ∏è 
$AAPL Appleüì±
$O Realty Income üèòÔ∏è
$JPM JP M‚Ä¶"
159,MSFT,0.5,0.5,RT @bing: Today we announced Bing Image Creator in chat and more. Read all the details here: https://t.co/GWpicVFOl1 https://t.co/vKxiwnTv5R
160,MSFT,0.375,0.5,"‚ÄúMost winning trading community, Get next winning alerts here: https://t.co/DmyHFfcMZw

$SPY $QQQ $AMZN $NVDA $BA $TSLA $BABA $AMD $AAPL $NFLX $TWTR $AAL $NIO $INO $OXY $CCL $FB $USO $DAL $TWLO $UGAZ $DIS $ROKU $TVIX $CRON $DJIA $SPX $TLRY $SQ $MSFT $GLD $BYND $SRNE $SPCE https://t.co/vLqMT2o3NW"
161,MSFT,0.5,0.5,RT @bing: Today we announced Bing Image Creator in chat and more. Read all the details here: https://t.co/GWpicVFOl1 https://t.co/vKxiwnTv5R
162,MSFT,0.0,0.25,"Helped me get my account green all time. Thanks https://t.co/ZBTRgq0AN6
‚ù§Ô∏èüëèüìà‚òùÔ∏è
$SPY $ES $ADBE $AMZN $MSFT $AAL $ROKU $BABA $CRM $GOOGL $FB $INTU $MRVL $ATVI $TWTR $ORCL $LRCX $AMD $NVDA $TSLA $NDX $QQQ $AAPL $BA https://t.co/vaCFlaXXON"
163,MSFT,0.5,0.8,"STOCK, OPTIONS updates, alerts Free chatroom
Don't forget to take a trial! 
https://t.co/ZBTRgq0AN6

$SPY $BABA $DVAX $ACB  $PENN $NVAX $NIO $AAL $NKLA $MSFT $AAPL $AMZN $TSLA $CCL $BILI $CVNA $DAL $TWTR https://t.co/awEqfJM8Hm"
164,MSFT,0.5,0.5,RT @bing: Today we announced Bing Image Creator in chat and more. Read all the details here: https://t.co/GWpicVFOl1 https://t.co/vKxiwnTv5R
165,MSFT,0.0,0.3,"Alerts given
Trading Chat on Discord!üëá

https://t.co/DmyHFfcMZw

JOIN for low prices‚úÖ

üí∏
$SPY $QQQ $AMZN $NVDA $BA $TSLA $BABA $AMD $AAPL $NFLX $TWTR $AAL $MSFT $GLD $SRNE $SPCE $XOM $NIO $BYND $AMRN $UBER $BRKB $JWN https://t.co/XdrtwMS1tl"
166,MSFT,0.1375,0.20833333333333331,"RT @TrendSpider: $MSFT Microsoft with its first Golden Cross on the daily since March 2019! ü•á

https://t.co/LsEFp3lDki"
167,MSFT,0.0,0.0,"Stay updated with us to minimize your risk join here https://t.co/DmyHFfcMZw

$SPX $SPY $ES_F $DJI $QQQ $NDX $FB $AMZN $AAPL $MSFT $NFLX $GOOGL $TSLA https://t.co/2mAJh8tIfp"
168,MSFT,0.0,0.0,RT @MicrosoftEDU: Our friends at @PlayCraftLearn are joining forces with @NASA to launch #STEM worlds and lessons around the historic Artem‚Ä¶
169,MSFT,0.5,0.5,"Join the most profitable trading alerts chatroom

https://t.co/ZBTRgq0AN6

$SPX $SPY $AMZN $AAPL $AMD $FB $SHOP $BYND $NVDA $GOOGL $MSFT $TSLA $BA $CMG $INTC $NFLX $JPM $BAC $YM $YM_F $NQ $NQ_F $ES $ES_F $GC $GLD $QQQ $WMT $SQ $TLT $BABA https://t.co/2XLnO2f4pt"
170,MSFT,0.0,0.0,@SuperfreakCap @SenesLULZ What is your Msft strike and expiry?
171,MSFT,0.5,0.5,RT @bing: Today we announced Bing Image Creator in chat and more. Read all the details here: https://t.co/GWpicVFOl1 https://t.co/vKxiwnTv5R
172,MSFT,0.0,0.0,"https://t.co/ZBTRgq0AN6
Join now
$TSLA $NVDA  $MU $AMZN $MSFT $BABA $NFLX $ADBE $AXP $IBM $CSCO $CVX $INTC $DD $DIS $MCD $MMM $PG $TRV $UNH $NKE $UTX $VZ $WBA $WYNN $XLNX $ACN $FB $NFLX $DLTR $EA $SPY https://t.co/qTUclbxA60"
173,MSFT,0.0,0.0,"Here is a helpful timeline of @Microsoft AI initiatives üî•

#MSFT #Microsoft #AI https://t.co/JbrASqpx1t"
174,MSFT,0.2,0.2,"$TWTR $ES $JD $BABA $BIDU $TME 
$SPY $QQQ $DIS $TSLA $SHOP
$AMD $AAPL $SQ $AMZN 
$EA $SEDG $MA $V $KO $PYPL $RCL $GOOG $NKLA $DKNG $HD $ROKU $NFLX $FB  $GLD $VXX $MSFT

Thanks to the discord group for the traders join here https://t.co/ZBTRgq0AN6 https://t.co/wwhG41lRNl"
175,MSFT,0.5,0.5,RT @bing: Today we announced Bing Image Creator in chat and more. Read all the details here: https://t.co/GWpicVFOl1 https://t.co/vKxiwnTv5R
176,MSFT,1.0,0.3,"üìåDiscord https://t.co/ZBTRgq0AN6

Best stock traders group out there!
updates + Chatroom +analysis
üìàüìä‚è≥

$BIDU $SAVE $WORK $T $AAPL $C $MSFT $SPY $FB $CHWY $PTON $DIS $F $ADBE $CSCO $JPM $CCL $MGM $IWM $HD $V $TWTR $XLE $XOM $AMD $ZI $Z https://t.co/zRl16QdRkA"
177,MSFT,0.0,0.0,RT @MSPowerPlat: Announcing a next-generation AI copilot in Power Apps that will transform how you build low-code applications. Learn more:‚Ä¶
178,MSFT,0.5429129464285715,0.6339285714285714,"Excited for the start Tomorrow!! So many great setups üìà
üéØLearn how to trade the right way https://t.co/ZBTRgq0AN6

$AMZN $AAPL $BA $BABA $FB $TSLA $MSFT $ROKU https://t.co/pE81voRABx"
179,MSFT,0.5,0.5,RT @bing: Today we announced Bing Image Creator in chat and more. Read all the details here: https://t.co/GWpicVFOl1 https://t.co/vKxiwnTv5R
180,MSFT,0.0,1.0,"Only in our Discord!! No body does it like  us join here 
https://t.co/DmyHFfcMZw

$AAPL $AMZN $SPCE $MELI $GOOGL $TWTR $FB $NIO $DOCU $RKT $FUBO $SHOP $WMT $MCD $DIS $MSFT $AMD $TSLA $ZM $SBUX $SNAP $MA $V $BA $CCL $RCL $QS $BKNG $RKT https://t.co/eqCBwgoe8u"
181,MSFT,0.0,0.0,"Learn To Trade While You're Working From Home&gt;https://t.co/ZBTRgq0AN6

$AAPL $AMZN $BTC $ETH $FB $GOOG $MSFT $QQQ $SPY $TSLA $EPR $WYND $LIVN $BBU $SPR $APLE $PK $M $CUK $CAR $CPA $EHTH $SHOO $CORT $EPZM https://t.co/oHlMKJBaXR"
182,MSFT,0.25,0.6,Bruhhh the mental gymnastics MSFT is going through when they could‚Äôve been working on their own ip is beyond me https://t.co/1KAEIjQYWh
183,MSFT,0.2,0.25,"$SPY $QQQ $DIS $TSLA $SHOP
$AMD $AAPL $SQ $AMZN 
$EA $SEDG $MA $V $KO $PYPL $RCL $GOOG $NKLA $DKNG $HD $ROKU $NFLX $FB  $GLD $VXX $MSFT

Thanks to the discord group of real traders join here https://t.co/DmyHFfcMZw https://t.co/bpvRPDLNfi"
184,MSFT,0.4,0.8,"Alerts given
Trading Chat on Discord!üëá

https://t.co/ZBTRgq0AN6

JOIN for FREE ‚úÖ

üí∏
$SPY $QQQ $AMZN $NVDA $BA $TSLA $BABA $AMD $AAPL $NFLX $TWTR $AAL $FB $USO $DAL $UBER $UGAZ $DIS $ROKU $CRON $DJIA $SPX $TLRY $SQ $MSFT $GLD $SRNE $SPCE $XOM $NIO $BYND $AMRN $UBER $BRKB $JWN https://t.co/Qjxaukgxgf"
185,MSFT,0.19285714285714287,0.6,"French tram drivers will refuse to take King Charles III on a tour through Bordeaux during his state visit, striking workers warned amid violent protests rocking the country. ‚ÄúCharles III, we are going to welcome him with a good old general strike,‚Äù warned
https://t.co/xkgzAt13TK"
186,MSFT,0.25,1.0,"Another day went pretty well 
https://t.co/DmyHFfcMZw
Congratulations to all the membersüìàüöÄ

$ADBE
 
$PLTR
 
$AMZN

$SHOP

$MSFT $TGT $NKLA $DKNG  $ROKU $ESE $SPCE $FCEL $BYND $MRNA $NOK $OXY $GNUS  $BB $GE $GNUS $SPY https://t.co/ectVmHEy9N"
187,MSFT,0.3196428571428571,0.5660714285714286,"RT @Microsoft: The end of writer's block. Beautiful presentations with a single click. Never missing an important email again.  

Here's wh‚Ä¶"
188,MSFT,0.0,0.06666666666666667,"RT @zerohedge: ""Over the last 7 sessions, the S&amp;P 500 Financials GICS sector has shed ~$453 bn of market cap .. so, where did it go?......‚Ä¶"
189,MSFT,0.5,0.5,RT @bing: Today we announced Bing Image Creator in chat and more. Read all the details here: https://t.co/GWpicVFOl1 https://t.co/vKxiwnTv5R
190,MSFT,0.2,0.2,"RT @Azure: üñ•Ô∏è With Azure Hybrid Benefit, you can use existing on-premises software licenses on virtual machines.

Find out how much you can‚Ä¶"
191,MSFT,0.0,0.0,"RT @dividendology: Stocks in my portfolio I want to hold forever:

$V Visa üí≥
$SBUX Starbucks ‚òïÔ∏è 
$AAPL Appleüì±
$O Realty Income üèòÔ∏è
$JPM JP M‚Ä¶"
192,MSFT,0.3181818181818182,0.625,"Buy the dip still working. Another winning alerts live in this chat. 
https://t.co/ZBTRgq0AN6

$BLNK $VCNK $AMD $NNOX $AAL $INO $NKLA $WKHS $PTON $VXRT $MSFT $QQQ https://t.co/yIoByvgmAU"
193,MSFT,-0.025,0.125,"Futs are flat as we all wait for #FOMC 

$TSLA $SPY $QQQ $SPX $AAPL $META $GOOGL $AAPL $MSFT $AMZN $NVDA $AMD $BABA $SPX $SPY $SOFI $DOW $MA $JOM $BAC $AAL $DIS $V $KO $PYPL $DKNG $BA  $BABA $ZM $AMD $WMT $UPS $PG $COIN $MULN $F $IWM $HYG $AMC https://t.co/wOVAF5COEx"
194,MSFT,0.5,0.5,RT @bing: Today we announced Bing Image Creator in chat and more. Read all the details here: https://t.co/GWpicVFOl1 https://t.co/vKxiwnTv5R
195,MSFT,0.0,0.0,"Learn To Trade While You're Working From Home&gt;https://t.co/DmyHFfcMZw

$AAPL $AMZN $BTC $ETH $FB $GOOG $MSFT $QQQ $SPY $TSLA $EPR $WYND $LIVN $BBU $SPR $APLE $PK $M $CUK $CAR $CPA $EHTH $SHOO $CORT $EPZM https://t.co/MSVxnLmLka"
196,MSFT,-0.8,0.9,"We work Jobs that we hate, to buy things we don't need, to impress people we don't like 

$TSLA $SPY $QQQ $SPX $AAPL $META $GOOGL $AAPL $MSFT $AMZN $NVDA $AMD $BABA $SPX $SPY $SOFI $DOW $MA $ARKK $BAC $AAL $DIS $V $KO $PYPL $DKNG $BA  $BABA $ZM $AMD $WMT $UPS $PG $COIN $MULN $AMC"
197,MSFT,0.04704861111111111,0.5722222222222222,"RT @Brian_Stoffel_: That does NOT mean $MSFT stock won't go down in a recession.

It DOES mean $MSFT will be able to do things others can't‚Ä¶"
198,MSFT,0.5,0.5,RT @bing: Today we announced Bing Image Creator in chat and more. Read all the details here: https://t.co/GWpicVFOl1 https://t.co/vKxiwnTv5R
199,MSFT,0.12222222222222222,0.5444444444444445,"RT @Brian_Stoffel_: Scroll down and Free Cash Flow over the trailing twelve months (TTM) is calculated for you.

For $MSFT that's.....üëÄ$60‚Ä¶"
200,ZION,-0.1,0.1,"RT @retro_pels: WE CRUSHED THE SPURSüî•üî•
ZION UPDATE TOMORROW
HIT THE DAMN ANTHEMüò§ https://t.co/DdCn6DesbX"
201,ZION,0.13636363636363635,0.45454545454545453,"RT @BleacherReport: Zion's new ink üëÄ

(via @Antmikes) https://t.co/hZ2siMV5K3"
202,ZION,0.0,0.0,@Real__Ari @natalie_Zion_ @ManCity Why all the willful ignorance
203,ZION,0.08,0.48,"@Real__Ari @natalie_Zion_ Wow and an anti-Semite to boot. How about this: there‚Äôs enough self-loathing Jews in the world. You‚Äôre not conflicted. This isn‚Äôt some deep, intellectual conundrum. You‚Äôre just ignorant about the conflict. If you actually knew about it? You would have zero hesitation."
204,ZION,-0.7,0.2,@AnyaBriggs9 @natalie_Zion_ @ManCity You bio sounds nicer than these tweets why all the anger
205,ZION,-0.1,0.1,"RT @retro_pels: WE CRUSHED THE SPURSüî•üî•
ZION UPDATE TOMORROW
HIT THE DAMN ANTHEMüò§ https://t.co/DdCn6DesbX"
206,ZION,0.5,0.39999999999999997,@BobbySolez @TheNBACentral @Antmikes Mount Zion for anyone who wants to read and reply honestly lol
207,ZION,0.2,0.5399999999999999,@JesseFrisinger Did you get to Zion? I also HIGHLY recommend Cedar Breaks!
208,ZION,0.13636363636363635,0.45454545454545453,"RT @BleacherReport: Zion's new ink üëÄ

(via @Antmikes) https://t.co/hZ2siMV5K3"
209,ZION,0.0,0.0,"RT @mbabazi_odeth: Psalms 126:1  When the LORD turned again the captivity of Zion, we were like them that dream. AMEN üôè üôè üôè"
210,ZION,0.175,0.3666666666666667,"@LoDrawsFilth phase and mainframe, also zion diamine the epic divorce man come to mind first"
211,ZION,-0.007142857142857141,0.3428571428571429,@Real__Ari @natalie_Zion_ And most of those Jews wound up later being killed in the concentration camps for lingering too long before the roundups started in ‚Äò39. I really don‚Äôt care about your personal dramas. It‚Äôs irrelevant
212,ZION,0.0,1.0,RT @EliteHSscouting: ‚Äò25 Micah Waters (üì∑) stepped up with 3 crucial üëå‚Äôs + game-sealing FTs as @BurrsBasketball nipped @RocksBoysBball 52-49‚Ä¶
213,ZION,0.16767676767676767,0.38484848484848483,"RT @NBAMemes: Zion Williamson shows off his new back tattoo.

This is so clean üî•üî• https://t.co/80WKauWDF0"
214,ZION,0.2,0.2,@AnyaBriggs9 @natalie_Zion_ You definitely sound upper west side
215,ZION,-0.1,0.1,"RT @retro_pels: WE CRUSHED THE SPURSüî•üî•
ZION UPDATE TOMORROW
HIT THE DAMN ANTHEMüò§ https://t.co/DdCn6DesbX"
216,ZION,0.4166666666666667,0.5833333333333334,@TheNBACentral @Antmikes Mount Zion? Fucking gay
217,ZION,0.13636363636363635,0.45454545454545453,"RT @BleacherReport: Zion's new ink üëÄ

(via @Antmikes) https://t.co/hZ2siMV5K3"
218,ZION,0.0,0.0,"@ExpoHoops Zion Douglas| C/O 2023| 5,10 Pg/Sg|Sharpshooter| 2.8 GPA| 4A All Region Team| Email: ziondouglas0305@gmail.com https://t.co/C3EgM7ImWP"
219,ZION,-0.16666666666666663,0.7999999999999999,@largest_son @perishneocon @wyatt_privilege And referring to the MFing Elders of Zion as a mere ‚Äòfavored antisemitic conspiracy‚Äô of Ford is ‚Äî too stupid for words https://t.co/ptMOtCr6xT
220,ZION,-0.36,0.6799999999999999,@Gitabushi @lion_4_zion @7amad_al9afi @ThanMuffin @SaidNana7 @IsraelMFA @just_whatever I‚Äôm saving your tweet as an example of the illusion we have that you people are remotely capable of being human beings. Wiped out? Who talks like that? Wtf is wrong with you. F*CK u and your disgusting Israel . What vileness. Tfeh
221,ZION,0.20833333333333331,0.4083333333333333,@AnyaBriggs9 @natalie_Zion_ Luckily I don‚Äôt take thing personally but even when creating Israel was discussed in Jewish cafe society many Jews were conflicted
222,ZION,-0.1,0.1,"RT @retro_pels: WE CRUSHED THE SPURSüî•üî•
ZION UPDATE TOMORROW
HIT THE DAMN ANTHEMüò§ https://t.co/DdCn6DesbX"
223,ZION,0.0,0.0,RT @BetoMartinezXXX: ZION FOR @LATINBOYZ1 https://t.co/wqohmMwUXk https://t.co/ymGEVAEVWB
224,ZION,-0.1,0.1,"RT @retro_pels: WE CRUSHED THE SPURSüî•üî•
ZION UPDATE TOMORROW
HIT THE DAMN ANTHEMüò§ https://t.co/DdCn6DesbX"
225,ZION,-0.5,0.75,@Real__Ari @natalie_Zion_ @ManCity Irrelevant/not an argument. Lame.
226,ZION,0.0,0.0,"Syria: reports of @IAFsite attacks in Damascus, Latakia and Aleppo @lackboys3 @Ibutterfly34 @lizBeth_Hineni @JAmy208 @j_bubbie @rob79753405 @benpalmach1967 @nakam67 @natalie_Zion_ @cemoimonica @Roni4488 @redbrasco @DSDloveyou @AmyrDarya @The68gote @59Goldstein @screenstarr"
227,ZION,0.13636363636363635,0.45454545454545453,"RT @TheNBACentral: Zion‚Äôs new tattoo üëÄ

(Via @Antmikes ) https://t.co/NynuYvu9ta"
228,ZION,0.0,0.0,@Real__Ari @natalie_Zion_ Literally does not matter nor is germane
229,ZION,0.13636363636363635,0.45454545454545453,"RT @BleacherReport: Zion's new ink üëÄ

(via @Antmikes) https://t.co/hZ2siMV5K3"
230,ZION,0.0,0.0,@Real__Ari @natalie_Zion_ Has literally nothing to do with Zionism. Zionism doesn‚Äôt care if you don‚Äôt feel connected to Israel or not. Israel is the Jewish state. It always has been. It‚Äôs the indigenous homeland of the Jews. Get used to it. They‚Äôre not colonizers. The Palestinian Arabs are.
231,ZION,0.7,0.6000000000000001,@retro_pels ****Good Zion update**** ü§û https://t.co/1bP6dD8wqz
232,ZION,0.0,0.0,"RT @ripheatcards: Waiting for Zion‚Ä¶.

$35

See pinned tweet for payment and shipping details.  Stack through 3/29, comment TAKE to claim.‚Ä¶"
233,ZION,0.16767676767676767,0.38484848484848483,"RT @NBAMemes: Zion Williamson shows off his new back tattoo.

This is so clean üî•üî• https://t.co/80WKauWDF0"
234,ZION,0.16767676767676767,0.38484848484848483,"RT @NBAMemes: Zion Williamson shows off his new back tattoo.

This is so clean üî•üî• https://t.co/80WKauWDF0"
235,ZION,0.0,0.0,Zion ass just told me ‚Äúma I‚Äôm just tryna take care of my family‚Äù üò©üòµ‚Äçüí´üòµ‚Äçüí´. Boy WHATTTTT!
236,ZION,0.13636363636363635,0.45454545454545453,"RT @BleacherReport: Zion's new ink üëÄ

(via @Antmikes) https://t.co/hZ2siMV5K3"
237,ZION,0.0,0.0,@HoopMixOnly ‚ÄúZion out 8 weeks after tattoo‚Äù
238,ZION,0.0,0.0,Scaring the S*** Out Of Players At Airsoft War! [Zion Arms R15] https://t.co/B5WH2JtLJ3 via @YouTube
239,ZION,-0.1,0.1,"RT @retro_pels: WE CRUSHED THE SPURSüî•üî•
ZION UPDATE TOMORROW
HIT THE DAMN ANTHEMüò§ https://t.co/DdCn6DesbX"
240,ZION,-0.1,0.1,"RT @retro_pels: WE CRUSHED THE SPURSüî•üî•
ZION UPDATE TOMORROW
HIT THE DAMN ANTHEMüò§ https://t.co/DdCn6DesbX"
241,ZION,0.0,0.0,@AnyaBriggs9 @natalie_Zion_ Have you always been pro Israel?
242,ZION,-0.1,0.1,"RT @retro_pels: WE CRUSHED THE SPURSüî•üî•
ZION UPDATE TOMORROW
HIT THE DAMN ANTHEMüò§ https://t.co/DdCn6DesbX"
243,ZION,-0.12738095238095237,0.655952380952381,@Real__Ari @natalie_Zion_ A  person who conflatesZionism and/or Judaism with far right extremism/colonialism is just stupid and/or a sociopath and/or lazy and/or all of the above. You‚Äôre also not very articulate because you‚Äôre not conflicted. You just don‚Äôt like Zionism.
244,ZION,-0.1,0.1,"RT @retro_pels: WE CRUSHED THE SPURSüî•üî•
ZION UPDATE TOMORROW
HIT THE DAMN ANTHEMüò§ https://t.co/DdCn6DesbX"
245,ZION,0.25,0.25,$zion  *Top analyst price target for next week  üìàüìâüöÄ   https://t.co/1f0P5PBQB5
246,ZION,0.20000000000000004,0.45,@AnyaBriggs9 @natalie_Zion_ But I‚Äôm not British although I‚Äôm a huge fan of @ManCity
247,ZION,0.175,0.775,@Scottie_M_ I Fuck wit BI he‚Äôs nice. But he can‚Äôt stay healthy and neither can Zion. Franchise choosing Zion even if he only play 50 games a season cuz he sells tickets. And if Trey develops they‚Äôll trade BI
248,ZION,0.0,0.0,RT @hmeyer_21: @BleacherReport @Antmikes Zion out for 6-8 weeks (tattoo recovery)
249,ZION,0.0,0.0,Zion Wright x Vans Zahba https://t.co/lv4KwUGmMJ #sneakers
250,ZION,0.06818181818181818,0.22727272727272727,RT @HoopMixOnly: Zion Williamson shows off his new back tattoo. https://t.co/wn6BzaRC12
251,ZION,0.25,0.3333333333333333,"RT @dailybluenight: 170322

jonghyun: today i‚Äôm bringing you ‚Äúd√©j√†-boo‚Äù which was the title song of my first solo mini album. it‚Äôs a song i‚Ä¶"
252,ZION,-0.1,1.0,@AnyaBriggs9 @natalie_Zion_ Just curious family history does say a lot of your views on Israel I have a partner and her family came afterwards the Holocaust and one was a survivor so it sets your views
253,ZION,0.25,0.25,$zion  *Top analyst price target for next week   üìàüìâüöÄ   https://t.co/Gdtxggj4az
254,ZION,0.06818181818181818,0.22727272727272727,RT @HoopMixOnly: Zion Williamson shows off his new back tattoo. https://t.co/wn6BzaRC12
255,ZION,0.10714285714285714,0.4017857142857143,"RT @FuzzyPandaShort: A large number (&gt;20) of Private Jets landed in Omaha yesterday afternoon

Jets flew from HQs of Regional Banks, Ski Re‚Ä¶"
256,ZION,0.2,0.55,BI is 2nd all time in Pelicans career ppg only to AD lol *Zion has not played enough games to meet the criteria* https://t.co/xw9iiI7KKA
257,ZION,0.0,0.0,"RT @ofmkharkivukr: I CELEBRATE YOU, DADDY  
I pray for you sir, the Lord shall send you the rod of thy strength out of Zion, and you shall‚Ä¶"
258,ZION,0.14166666666666664,0.6833333333333332,"I always wonder what Zion would do with ultra long hair,

Would she try to eat it?

Wrap it around her like a blanket?

Try to pretend she‚Äôs a plate of spaghetti?

Honestly what she could do with it is endless, maybe I‚Äôll dream of spaghetti haired Zion tonight üòÇ"
259,ZION,0.25,1.0,"@BleacherReport @Antmikes Naah‚Ä¶.!!!  If U ONLY KNEW, cute phrase , play on words but U ‚Äúain‚Äôt‚Äù even close to ‚ÄúMt. ZION‚Äù.  IJS‚Ä¶.. GO SEE Mt. ZION and U will close home and remove that."
260,ZION,0.8,0.2,"VERSE OF THE DAY
Mar 20, 2023
And the ransomed of the LORD shall return, and come to Zion with songs and everlasting joy upon their heads: they shall obtain joy and gladness, and sorrow and sighing shall flee away.
Isaiah 35:10"
261,ZION,0.35,0.55,RT @Yadah___: The thing is you can‚Äôt even spoil Mount Zion movies. Someone will give you the full gist and you‚Äôll still be weeping when you‚Ä¶
262,ZION,0.1787878787878788,0.3,@AnyaBriggs9 @natalie_Zion_ You sound like you live on the Upper west side üòÜ
263,ZION,0.5,0.5,Zion gets more tattoos than games played https://t.co/ZibbH4lhfE
264,ZION,0.0,0.0,RT @BlueDevils: Zion got tatted üî•üî•üî• https://t.co/yXllVwHyxa
265,ZION,0.0,0.0,@homeinurgut what did zion get banned for
266,ZION,0.35,0.65,"@Real__Ari @natalie_Zion_ Well, you‚Äôre being called Chamberlain now because it‚Äôs true."
267,ZION,0.0,0.0,When that Zion update coming
268,ZION,0.0,0.0,Mount Zion tattoo is foreshadowing
269,ZION,0.13636363636363635,0.45454545454545453,"RT @TheNBACentral: Zion‚Äôs new tattoo üëÄ

(Via @Antmikes ) https://t.co/NynuYvu9ta"
270,ZION,0.0,0.0,@Real__Ari @natalie_Zion_ Literally does not matter
271,ZION,0.0,0.0,"RT @LoveSongs4Peace: Virgin River at the Zion National Park, Utah  üá∫üá∏ https://t.co/ARycvByJF1"
272,ZION,-0.36666666666666664,0.8333333333333334,"@Real__Ari @natalie_Zion_ Then y0u‚Äôre stupid and racist on top of being stupid and you don‚Äôt know what the word diaspora means
https://t.co/dOpUvbEmaU"
273,ZION,0.4,1.0,@Daryrezvani Zion being a power bottom confirmed
274,ZION,0.8,0.9,RT @KCSolNPSL: Welcome Zion Long‚úçÔ∏è https://t.co/FdxEJwgH2U
275,ZION,0.0,0.0,@BobbySolez @TheNBACentral @Antmikes Mount Zion
276,ZION,0.0,0.0,"Waiting for Zion‚Ä¶.

$35

See pinned tweet for payment and shipping details.  Stack through 3/29, comment TAKE to claim.  #ripheatstacks #rackthosestacks #takestackRIPHEAT @sports_sell @DirtyWorldRT https://t.co/sTEDWlOw3i"
277,ZION,-0.1,1.0,@AnyaBriggs9 @natalie_Zion_ I‚Äôm curious are you Sephardic
278,ZION,0.13636363636363635,0.45454545454545453,"RT @BleacherReport: Zion's new ink üëÄ

(via @Antmikes) https://t.co/hZ2siMV5K3"
279,ZION,0.5,0.5,RT @ownhimwrath: @TheNBACentral @Antmikes Zion Williamson out 5 more weeks (skin inflammation)
280,ZION,0.19999999999999998,0.9,"@charmdiddy Lmao the shit ain't rocket science, they shoulda been did this the week after Zion went out"
281,ZION,0.1875,0.3125,@AnyaBriggs9 @natalie_Zion_ Your more qualified than myself on all the politics of a foreign country like Israel than myself
282,ZION,0.25,0.25,"@Yajna2780 @lion_4_zion @7amad_al9afi @ThanMuffin @SaidNana7 @IsraelMFA @just_whatever If Israelis wanted the Palestinians wiped out, there would be zero.
Instead, the ones who stop trying to murder them have residency, citizenship, are in govt.

If Palestinians wanted the Israelis wiped out, you'd do exactly what you are doing: hiding weapons under hospitals."
283,ZION,-0.3333333333333333,0.6666666666666666,@Real__Ari @natalie_Zion_ But you‚Äôre not conflicted about this. Get bent. Seriously: https://t.co/CkxTgGgUVp
284,ZION,0.0,0.0,RT @hmeyer_21: @BleacherReport @Antmikes Zion out for 6-8 weeks (tattoo recovery)
285,ZION,-0.1,0.1,"RT @retro_pels: WE CRUSHED THE SPURSüî•üî•
ZION UPDATE TOMORROW
HIT THE DAMN ANTHEMüò§ https://t.co/DdCn6DesbX"
286,ZION,0.0,0.0,@_joshstaylit_ Man wasn‚Äôt we suppose to get a Zion Timeline update today..?!
287,ZION,0.0,0.0,@shine_t_ When Zion coming back?
288,ZION,0.0,0.0,"@_ZachFoster @YaudatTalyi @serajassi81 Can you show me evidence of the Palestinians from before 70AD when these coins w/the phrase ‚Äúfor the redemption of Zion‚Äù were struck? In fact, Zionism predates both Islam and Arab identity. https://t.co/QoT5Sut2aJ"
289,ZION,-0.1,0.1,"RT @retro_pels: WE CRUSHED THE SPURSüî•üî•
ZION UPDATE TOMORROW
HIT THE DAMN ANTHEMüò§ https://t.co/DdCn6DesbX"
290,ZION,0.0,0.0,@Real__Ari @natalie_Zion_ People like you reserve all of your criticism for Israel and none for Palestine. You infantilize literal Nazis but won‚Äôt hesitate to scream on the rooftops about the ‚ÄúZionist colonizers‚Äù. With friends like you who needs enemies https://t.co/0eR1YlJUJn
291,ZION,-0.1,0.1,"RT @retro_pels: WE CRUSHED THE SPURSüî•üî•
ZION UPDATE TOMORROW
HIT THE DAMN ANTHEMüò§ https://t.co/DdCn6DesbX"
292,ZION,0.13636363636363635,0.45454545454545453,"RT @TheNBACentral: Zion‚Äôs new tattoo üëÄ

(Via @Antmikes ) https://t.co/NynuYvu9ta"
293,ZION,-0.0625,0.1875,"@Yajna2780 @lion_4_zion @7amad_al9afi @ThanMuffin @SaidNana7 @IsraelMFA @just_whatever you don't resist, you attack. You don't fight back, you initiate. Because you are terrorists. Sit with a Jew one day and have coffee and a chat. Listen to the other side. Do it.
oh, wait, you can't, you just want to murder them."
294,ZION,0.0,0.0,i‚Äôm struggling to guess who else besides AD and Zion https://t.co/cYPf90SVgV
295,ZION,0.0,0.0,@AnyaBriggs9 @natalie_Zion_ I don‚Äôt find American Jews indigenous
296,ZION,0.7,0.6000000000000001,@relmyers Good Zion news. https://t.co/FFMYtSqh09
297,ZION,0.0,0.0,RT @hmeyer_21: @BleacherReport @Antmikes Zion out for 6-8 weeks (tattoo recovery)
298,ZION,0.0,0.07692307692307693,"RT @RTNBA: There‚Äôs still no update on whether LeBron or Zion will play again this regular season, per @TheSteinLine https://t.co/lKbsRDt1IM"
299,ZION,-0.1,1.0,@AnyaBriggs9 @natalie_Zion_ I‚Äôm curious are you Sephardic?
